case_id,phase,topology,logical_tasks,logical_edges,max_indegree,max_outdegree,edge_payload_bytes,requested_payload_bytes,target_cpu_ms,taskvine_median_seconds,datavine_median_seconds,datavine_to_taskvine_rate,ratio_ci_low,ratio_ci_high,paired_repetitions,bottleneck_status,bottleneck_class,absolute_excess_seconds,explained_fraction,improvement
admission_immediate,admission,independent,1024,0,0,0,0,0,0,1.1036994809983298,1.3442385514936177,0.8427402985301358,0.7680013490116393,0.8681019976284308,10,CONFIRMED,result-fetch,0.2405390704952879,0.5951137904333574,add batched/multi-result fetch and avoid one RPC/decode per requested DataID
confirmation_input_broadcast_0b_w128,confirmation,broadcast,129,128,1,128,0,0,10.0,0.2144342710089404,0.3668643364944728,0.5023302677369552,0.4636180153153522,0.6370742443996642,10,CONFIRMED,fixed-control,0.1524300654855324,0.5029580108309466,"reduce RPC polling, workflow setup, checkpoint and completion projection"
cpu_0ms,cpu,independent,4096,0,0,0,0,0,0,5.032907509477809,4.924731568506104,1.0217935317339415,0.971020234871054,1.0932596752965802,10,NOT_REQUIRED,,0.0,,
cpu_10000ms,cpu,independent,4096,0,0,0,0,0,10000,43.53584773349576,44.577834351483034,0.976704099101408,0.9712673566598952,0.9813093732054335,10,CONFIRMED,result-fetch+publication+graph-materialization,1.041986617987277,0.9596749499689928,"add batched/multi-result fetch and avoid one RPC/decode per requested DataID; batch retained-output serialization, hashing, fsync and result fetch; compact task/DataID materialization and remove per-edge copies"
cpu_1000ms,cpu,independent,4096,0,0,0,0,0,1000,7.311078533995897,8.403266176494071,0.8801109334271926,0.8596941137515566,0.8992142003214422,10,CONFIRMED,result-fetch+scheduler-submit+publication,1.0921876424981747,0.9024141783246366,"add batched/multi-result fetch and avoid one RPC/decode per requested DataID; bulk native submission/completion draining without semantic batching; batch retained-output serialization, hashing, fsync and result fetch"
cpu_100ms,cpu,independent,4096,0,0,0,0,0,100,4.5983459605049575,4.828814001506544,0.9583001059912816,0.8772538544960738,1.0418738967172159,10,NOT_REQUIRED,,0.23046804100158624,,
cpu_10ms,cpu,independent,4096,0,0,0,0,0,10,5.139407381488127,4.737566637501004,1.0949609576678587,1.0155327659008975,1.1525764280106798,10,NOT_REQUIRED,,0.0,,
cpu_1ms,cpu,independent,4096,0,0,0,0,0,1,4.932618529506726,4.844137496998883,1.030731671694591,0.9594668507981173,1.0952011804471251,10,NOT_REQUIRED,,0.0,,
degree_1,degree,regular-pipeline,2048,1024,1,1,1048576,1048576,10.0,2.123846123984549,2.4321188125177287,0.8468908517997449,0.7690641572432753,1.002144304739382,10,NOT_REQUIRED,,0.30827268853317946,,
degree_16,degree,regular-pipeline,2048,16384,16,16,16777216,1048576,10.0,3.170597824995639,3.658187483000802,0.8893077487281024,0.7725164179525842,1.0225663613735774,10,NOT_REQUIRED,,0.4875896580051631,,
degree_4,degree,regular-pipeline,2048,4096,4,4,4194304,1048576,10.0,2.367001139500644,2.7152195329981623,0.8794756108061286,0.7582646441955198,0.9569437345979344,10,CONFIRMED,fixed-control,0.34821839349751826,0.6327609214195449,"reduce RPC polling, workflow setup, checkpoint and completion projection"
degree_64,degree,regular-pipeline,2048,65536,64,64,67108864,1048576,10.0,13.118567082492518,11.977788227508427,1.0221065408916592,0.8777486693976935,1.2634568909202013,10,NOT_REQUIRED,,0.0,,
input_broadcast_0b,data,broadcast,1025,1024,1,1024,0,0,10.0,1.2463154775032308,1.4538089654961368,0.8690640963283711,0.78641223097483,0.9040496885987224,10,CONFIRMED,result-fetch,0.207493487992906,0.6956729143651589,add batched/multi-result fetch and avoid one RPC/decode per requested DataID
input_broadcast_1024b,data,broadcast,1025,1024,1,1024,1048576,0,10.0,1.2313575305015547,1.4269867635157425,0.8678570012835981,0.7882914108017263,0.9136012667198425,10,CONFIRMED,result-fetch,0.19562923301418778,0.6871619897132459,add batched/multi-result fetch and avoid one RPC/decode per requested DataID
input_broadcast_1048576b,data,broadcast,1025,1024,1,1024,1073741824,0,10.0,1.2467982639936963,1.4419241525029065,0.8738427875736452,0.8063936642096593,0.9303540439653893,10,CONFIRMED,result-fetch,0.1951258885092102,0.7515563163875467,add batched/multi-result fetch and avoid one RPC/decode per requested DataID
input_broadcast_33554432b,data,broadcast,129,128,1,128,4294967296,0,10.0,0.5295815440040315,0.5382462179841241,0.9614398637877763,0.7825023847443795,1.026908498726863,10,NOT_REQUIRED,,0.00866467398009263,,
input_broadcast_65536b,data,broadcast,1025,1024,1,1024,67108864,0,10.0,1.2322311049938435,1.4308188514987705,0.8605352251509915,0.7982580841288787,0.9000465574726171,10,CONFIRMED,result-fetch,0.19858774650492705,0.6815333064709702,add batched/multi-result fetch and avoid one RPC/decode per requested DataID
interaction_c0_p0_d1,interaction,regular-pipeline,2048,1024,1,1,0,0,0,2.1017817574902438,2.36403693149623,0.9061691070923308,0.8126620967478324,0.9982743143229749,10,CONFIRMED,fixed-control,0.2622551740059862,0.6831920654703062,"reduce RPC polling, workflow setup, checkpoint and completion projection"
interaction_c0_p0_d16,interaction,regular-pipeline,2048,16384,16,16,0,0,0,3.3712892475159606,3.5448602399992524,0.949417914111343,0.8354241630077672,1.000984979563347,10,NOT_REQUIRED,,0.17357099248329177,,
interaction_c0_p0_d64,interaction,regular-pipeline,2048,65536,64,64,0,0,0,14.17052815851639,11.485700936507783,1.2116061756403487,1.019919379643634,1.2990010395320706,10,NOT_REQUIRED,,0.0,,
interaction_c0_p1048576_d1,interaction,regular-pipeline,2048,1024,1,1,1073741824,1073741824,0,4.805529024990392,4.675890836006147,1.053799596566856,0.9971053918476707,1.0967091890522536,10,NOT_REQUIRED,,0.0,,
interaction_c0_p1048576_d16,interaction,regular-pipeline,2048,16384,16,16,17179869184,1073741824,0,6.3446726520051016,6.3836303205025615,0.9707452292993141,0.8999968250175945,1.046353788889473,10,NOT_REQUIRED,,0.03895766849745996,,
interaction_c0_p1048576_d64,interaction,regular-pipeline,2048,65536,64,64,68719476736,1073741824,0,17.553748556500068,14.094477566002752,1.2096157695621652,1.082075020267817,1.2934026717683071,10,NOT_REQUIRED,,0.0,,
interaction_c0_p65536_d1,interaction,regular-pipeline,2048,1024,1,1,67108864,67108864,0,2.3449511060025543,2.6624257115036016,0.9028770079368661,0.8268057908563591,1.0151090320904788,10,NOT_REQUIRED,,0.31747460550104734,,
interaction_c0_p65536_d16,interaction,regular-pipeline,2048,16384,16,16,1073741824,67108864,0,3.5019790474907495,3.7937216139835073,0.9478004534543716,0.8299179783249144,0.9995102061031962,10,CONFIRMED,fixed-control,0.29174256649275776,1.2183680230637606,"reduce RPC polling, workflow setup, checkpoint and completion projection"
interaction_c0_p65536_d64,interaction,regular-pipeline,2048,65536,64,64,4294967296,67108864,0,14.547930409986293,11.282800636006868,1.2247276946938594,1.0796005765886598,1.3280128335512784,10,NOT_REQUIRED,,0.0,,
interaction_c100_p0_d1,interaction,regular-pipeline,2048,1024,1,1,0,0,100,2.2037677059997804,2.45756434899522,0.9238932925062779,0.8294731787322326,1.0287091195484943,10,NOT_REQUIRED,,0.25379664299543947,,
interaction_c100_p0_d16,interaction,regular-pipeline,2048,16384,16,16,0,0,100,3.5832120690029114,3.805679438999505,0.9260213516839928,0.7872625119815355,0.9722512142135512,10,CONFIRMED,fixed-control,0.22246736999659333,1.6834478513069095,"reduce RPC polling, workflow setup, checkpoint and completion projection"
interaction_c100_p0_d64,interaction,regular-pipeline,2048,65536,64,64,0,0,100,12.42656502200407,11.250281743486994,0.9777281091607137,0.8531421512866542,1.145696280779417,10,NOT_REQUIRED,,0.0,,
interaction_c100_p1048576_d1,interaction,regular-pipeline,2048,1024,1,1,1073741824,1073741824,100,4.723737233987777,4.714373605485889,1.0175680231339297,0.9836258357359096,1.0694695506303338,10,NOT_REQUIRED,,0.0,,
interaction_c100_p1048576_d16,interaction,regular-pipeline,2048,16384,16,16,17179869184,1073741824,100,6.147839954006486,6.3253295589966,0.9559698438965054,0.9002532825339724,1.0380666880642364,10,NOT_REQUIRED,,0.17748960499011446,,
interaction_c100_p1048576_d64,interaction,regular-pipeline,2048,65536,64,64,68719476736,1073741824,100,15.299874859003467,16.05894467201142,1.0059595874168443,0.8129719744629144,1.1112521427324644,10,NOT_REQUIRED,,0.7590698130079545,,
interaction_c100_p65536_d1,interaction,regular-pipeline,2048,1024,1,1,67108864,67108864,100,2.387040485991747,2.7411133455025265,0.9374867843883303,0.8536138873427059,1.0189379645083263,10,NOT_REQUIRED,,0.3540728595107794,,
interaction_c100_p65536_d16,interaction,regular-pipeline,2048,16384,16,16,1073741824,67108864,100,3.704518331491272,3.8279224284924567,0.9383890538862385,0.8212272061190415,0.9798002316485028,10,CONFIRMED,fixed-control,0.12340409700118471,2.881239830159602,"reduce RPC polling, workflow setup, checkpoint and completion projection"
interaction_c100_p65536_d64,interaction,regular-pipeline,2048,65536,64,64,4294967296,67108864,100,11.918921713499003,11.837489546000143,0.968799332512793,0.8646894448424103,1.0583371040442526,10,NOT_REQUIRED,,0.0,,
output_0b,data,independent,1024,0,0,0,0,0,10.0,1.15149694099091,1.3026885665021837,0.8914119663744291,0.7966078808330898,0.9414382705644377,10,CONFIRMED,result-fetch,0.15119162551127374,0.8954902961130281,add batched/multi-result fetch and avoid one RPC/decode per requested DataID
output_1024b,data,independent,1024,0,0,0,0,1048576,10.0,1.131039971500286,1.328263916511787,0.867345808936453,0.7966429858888391,0.8915597114833569,10,CONFIRMED,result-fetch,0.1972239450115012,0.7965131287977067,add batched/multi-result fetch and avoid one RPC/decode per requested DataID
output_1048576b,data,independent,1024,0,0,0,0,1073741824,10.0,3.7587102844991023,3.491829038510332,1.0602296030024092,1.0486132350937232,1.0833655604491534,10,NOT_REQUIRED,,0.0,,
output_33554432b,data,independent,128,0,0,0,0,4294967296,10.0,8.342989968004986,10.36331337899901,0.8064453880679289,0.7756838043218632,0.8304994592828967,10,CONFIRMED,result-fetch,2.020323410994024,2.4356715703241556,add batched/multi-result fetch and avoid one RPC/decode per requested DataID
output_65536b,data,independent,1024,0,0,0,0,67108864,10.0,1.3016405564994784,1.5168214900040766,0.866989266768355,0.8261495486312481,0.9274967230828781,10,CONFIRMED,result-fetch,0.21518093350459822,1.1664540134192505,add batched/multi-result fetch and avoid one RPC/decode per requested DataID
topology_broadcast1024,topology,broadcast,1025,1024,1,1024,1048576,1048576,10.0,1.2384303250000812,1.4771744209865574,0.861109105953275,0.7598754670509176,0.8840064976727359,10,CONFIRMED,result-fetch,0.23874409598647617,0.6643515427744531,add batched/multi-result fetch and avoid one RPC/decode per requested DataID
topology_chains,topology,regular-pipeline,4096,3072,1,1,3145728,1048576,10.0,4.174460534006357,4.381751478504157,0.9643015034455844,0.8574608393557631,1.065232123741913,10,NOT_REQUIRED,,0.2072909444977995,,
topology_dynamic,topology,dynamic,8,7,1,1,7168,1024,10.0,0.11864888698619325,0.4314326540043112,0.26650783255824007,0.25952334326208704,0.2775052665453722,10,CONFIRMED,fixed-control,0.31278376701811794,0.6823592686131364,"reduce RPC polling, workflow setup, checkpoint and completion projection"
topology_fanin16,topology,fan-in,1088,1024,16,1,1048576,65536,10.0,1.1371533920028014,1.337667526997393,0.8980640113451159,0.7616753805985559,0.9645092211423479,10,CONFIRMED,fixed-control,0.2005141349945916,0.7383964976764056,"reduce RPC polling, workflow setup, checkpoint and completion projection"
topology_fanout16,topology,fan-out,1088,1024,1,16,1048576,1048576,10.0,1.2618979635008145,1.565099736006232,0.8473652327419088,0.762382666655025,0.8695438414492513,10,CONFIRMED,result-fetch,0.30320177250541747,0.5416435964805387,add batched/multi-result fetch and avoid one RPC/decode per requested DataID
topology_heavy_tail,topology,heavy-tail,1024,0,0,0,0,1048576,mixed-0-1000,1.877943065512227,2.2867806190042756,0.8235502593676476,0.7977520591680041,0.8646680758778515,10,CONFIRMED,result-fetch+fixed-control+graph-materialization,0.40883755349204876,0.9016479280009934,"add batched/multi-result fetch and avoid one RPC/decode per requested DataID; reduce RPC polling, workflow setup, checkpoint and completion projection; compact task/DataID materialization and remove per-edge copies"
topology_map,topology,independent,1024,0,0,0,0,1048576,10.0,1.1918224814871792,1.3316926085099112,0.8922685097714103,0.834344291966914,0.9418718933179129,10,CONFIRMED,result-fetch,0.13987012702273205,1.2146892987268525,add batched/multi-result fetch and avoid one RPC/decode per requested DataID
topology_pipeline2,topology,regular-pipeline,4096,6144,2,2,6291456,1048576,10.0,4.29261391601176,4.689057927011163,0.9339656521463656,0.8336564471233545,1.018972337278105,10,NOT_REQUIRED,,0.39644401099940296,,
topology_reduce16,topology,reduction-tree,1093,1092,16,1,1118208,1024,10.0,1.1859206405060831,1.288527888507815,0.9313252335644053,0.8121192271875627,1.0019698942106132,10,NOT_REQUIRED,,0.10260724800173193,,
